{"cameraMode":{"drawMode":0,"name":"Shaded","section":"Shading Mode"},"sceneLighting":true,"audioPlay":false,"sceneViewState":{"showFog":true,"showMaterialUpdate":false,"showSkybox":true,"showFlares":true,"showImageEffects":true,"showParticleSystems":true},"in2DMode":false,"pivot":{"x":0.428199827671051,"y":0.5178106427192688,"z":1.1097321510314942},"rotation":{"x":-0.018209747970104219,"y":0.10389257222414017,"z":-0.0019002135377377272,"w":-0.9944279193878174},"size":1.1835461854934693,"orthographic":false}